<?xml version="1.0" encoding="UTF-8"?>
<project-private xmlns="http://www.netbeans.org/ns/project-private/1">
    <editor-bookmarks xmlns="http://www.netbeans.org/ns/editor-bookmarks/2" lastBookmarkId="0"/>
    <open-files xmlns="http://www.netbeans.org/ns/projectui-open-files/2">
        <group>
            <file>file:/C:/Users/mamas/Downloads/EmployeeInfoo/src/asia-obesity.png</file>
            <file>file:/C:/Users/mamas/Downloads/EmployeeInfoo/src/Main_Page.java</file>
            <file>file:/C:/Users/mamas/Downloads/EmployeeInfoo/src/instruct.java</file>
            <file>file:/C:/Users/mamas/Downloads/EmployeeInfoo/src/EmployeeInfo.java</file>
            <file>file:/C:/Users/mamas/Downloads/EmployeeInfoo/src/North.java</file>
            <file>file:/C:/Users/mamas/Downloads/EmployeeInfoo/src/Weight.java</file>
            <file>file:/C:/Users/mamas/Downloads/EmployeeInfoo/src/Login.java</file>
            <file>file:/C:/Users/mamas/Downloads/EmployeeInfoo/src/Registration.java</file>
            <file>file:/C:/Users/mamas/Downloads/EmployeeInfoo/src/bmi.png</file>
            <file>file:/C:/Users/mamas/Downloads/EmployeeInfoo/src/south.java</file>
            <file>file:/C:/Users/mamas/Downloads/EmployeeInfoo/src/BMI_Tab.java</file>
            <file>file:/C:/Users/mamas/Downloads/EmployeeInfoo/src/africa.java</file>
            <file>file:/C:/Users/mamas/Downloads/EmployeeInfoo/src/Asia.java</file>
            <file>file:/C:/Users/mamas/Downloads/EmployeeInfoo/src/bmi_table.java</file>
            <file>file:/C:/Users/mamas/Downloads/EmployeeInfoo/src/Continents.java</file>
            <file>file:/C:/Users/mamas/Downloads/EmployeeInfoo/src/europe.java</file>
        </group>
    </open-files>
</project-private>
